account_id,account_name,website,domain,revenue_band,industry,employee_band,region,tech_stack,pain_point_solved,arr_usd,sales_cycle_days,expansion,churn_risk,support_tickets_qtr,pmf_fit,churned_year1,account_status,closed_lost_date
ACC-0001,Nexlayer,https://nexlayer.example,nexlayer.example,$,"Technology, Information and Media",51-200,North America West,"Snowflake, HubSpot, Looker",Brittle in-house pipelines breaking weekly,15500,99,No,High,16,Med,No,Customer,
ACC-0002,Dataduct,https://dataduct.example,dataduct.example,$,"Technology, Information and Media",51-200,North America West,"Redshift, Salesforce, Sigma",Engineering time lost maintaining connectors,14000,83,Yes,Med,5,Med,No,Customer,
ACC-0003,Conduitly,https://conduitly.example,conduitly.example,$$$,"Technology, Information and Media",5000+,North America East,"BigQuery, Salesforce, Looker",Engineering time lost maintaining connectors,274500,85,No,Low,6,High,No,Customer,
ACC-0004,Prismware,https://prismware.example,prismware.example,$$,"Technology, Information and Media",501-1000,North America East,"BigQuery, Salesforce, Looker",Engineering time lost maintaining connectors,82500,84,Yes,Low,7,Med,No,Customer,
ACC-0005,Vaultbase,https://vaultbase.example,vaultbase.example,$$,"Technology, Information and Media",1001-5000,North America West,"Snowflake, HubSpot, Tableau",Consolidating data after an acquisition,82000,98,No,Med,14,Med,No,Customer,
ACC-0006,Stackbridge,https://stackbridge.example,stackbridge.example,$$$,"Technology, Information and Media",5000+,North America West,"Snowflake, Salesforce, Looker",Engineering time lost maintaining connectors,357500,56,No,Med,3,High,No,Customer,
ACC-0007,Queryspan,https://queryspan.example,queryspan.example,$$,"Technology, Information and Media",1001-5000,EMEA,"BigQuery, Salesforce, Power BI",Consolidating data after an acquisition,68000,129,No,Med,13,Low,No,Customer,
ACC-0008,Cloudnetic,https://cloudnetic.example,cloudnetic.example,$$$,"Technology, Information and Media",1001-5000,North America East,"Databricks, Salesforce, Looker",Engineering time lost maintaining connectors,163000,81,Yes,Med,5,High,No,Customer,
ACC-0009,Datavera,https://datavera.example,datavera.example,$,"Technology, Information and Media",201-500,North America West,"Redshift, Microsoft Dynamics, Power BI",Governance and audit requirements on data movement,29000,64,No,Low,6,Med,No,Customer,
ACC-0010,Pulsestream,https://pulsestream.example,pulsestream.example,$$$,"Technology, Information and Media",1001-5000,North America East,"Databricks, Microsoft Dynamics, Tableau",Brittle in-house pipelines breaking weekly,256500,81,Yes,Low,3,High,No,Customer,
ACC-0011,Gridlane,https://gridlane.example,gridlane.example,$$$,"Technology, Information and Media",5000+,North America West,"Snowflake, Microsoft Dynamics, Looker",Engineering time lost maintaining connectors,435000,97,Yes,Low,3,High,No,Customer,
ACC-0012,Helix Analytics,https://helixanalytics.example,helixanalytics.example,$,"Technology, Information and Media",51-200,North America East,"Databricks, Microsoft Dynamics, Power BI",Engineering time lost maintaining connectors,22500,112,No,Low,0,Med,No,Customer,
ACC-0013,Ironset,https://ironset.example,ironset.example,$$$,"Technology, Information and Media",5000+,North America West,"Databricks, HubSpot, Sigma",Consolidating data after an acquisition,273000,119,No,Low,3,Med,No,Customer,
ACC-0014,Luminary Data,https://luminarydata.example,luminarydata.example,$$,"Technology, Information and Media",501-1000,North America West,"Snowflake, Microsoft Dynamics, Tableau",Brittle in-house pipelines breaking weekly,108500,68,Yes,Low,8,High,No,Customer,
ACC-0015,Axiom Cloud,https://axiomcloud.example,axiomcloud.example,$$,"Technology, Information and Media",501-1000,North America East,"BigQuery, Salesforce, Sigma",Governance and audit requirements on data movement,75000,122,Yes,Med,6,Med,No,Customer,
ACC-0016,Crestline Systems,https://crestlinesystems.example,crestlinesystems.example,$$$,"Technology, Information and Media",5000+,North America East,"BigQuery, Salesforce, Tableau",Engineering time lost maintaining connectors,197000,65,Yes,Med,1,High,No,Customer,
ACC-0017,Novabridge,https://novabridge.example,novabridge.example,$$$,"Technology, Information and Media",501-1000,North America East,"Redshift, HubSpot, Tableau",Engineering time lost maintaining connectors,137500,37,Yes,Low,8,High,No,Customer,
ACC-0018,Tangent Labs,https://tangentlabs.example,tangentlabs.example,$$$,"Technology, Information and Media",1001-5000,North America West,"Databricks, Salesforce, Sigma",Governance and audit requirements on data movement,155500,113,Yes,High,10,Med,No,Customer,
ACC-0019,Ember Analytics,https://emberanalytics.example,emberanalytics.example,$$$,"Technology, Information and Media",5000+,North America West,"Snowflake, Microsoft Dynamics, Tableau",Brittle in-house pipelines breaking weekly,341000,53,Yes,Low,4,High,No,Customer,
ACC-0020,Solaris Data,https://solarisdata.example,solarisdata.example,$$$,"Technology, Information and Media",5000+,North America West,"Snowflake, Salesforce, Power BI",Engineering time lost maintaining connectors,293000,98,Yes,Low,4,High,No,Customer,
ACC-0021,Apex Workflows,https://apexworkflows.example,apexworkflows.example,$,"Technology, Information and Media",201-500,North America West,"Snowflake, HubSpot, Looker",Consolidating data after an acquisition,33500,94,Yes,Med,7,Med,No,Customer,
ACC-0022,Beacon Platforms,https://beaconplatforms.example,beaconplatforms.example,$$$,"Technology, Information and Media",501-1000,APAC,"BigQuery, Salesforce, Power BI",Brittle in-house pipelines breaking weekly,138000,91,Yes,Low,0,High,No,Customer,
ACC-0023,Meridian Cloud,https://meridiancloud.example,meridiancloud.example,$$$,"Technology, Information and Media",5000+,North America West,"Snowflake, Salesforce, Sigma",Engineering time lost maintaining connectors,255000,99,Yes,Low,1,High,No,Customer,
ACC-0024,Onyx Intelligence,https://onyxintelligence.example,onyxintelligence.example,$,"Technology, Information and Media",51-200,North America East,"Redshift, Salesforce, Sigma",Manual CSV exports between tools,15000,122,No,Low,15,Low,No,Customer,
ACC-0025,Stratum Data,https://stratumdata.example,stratumdata.example,$$$,"Technology, Information and Media",5000+,North America West,"Snowflake, Salesforce, Power BI",Brittle in-house pipelines breaking weekly,371500,81,Yes,Low,6,High,No,Customer,
ACC-0026,Catalyst Systems,https://catalystsystems.example,catalystsystems.example,$$,"Technology, Information and Media",201-500,North America West,"Databricks, Microsoft Dynamics, Sigma",Engineering time lost maintaining connectors,73000,73,Yes,Low,3,High,No,Customer,
ACC-0027,Horizon Analytics,https://horizonanalytics.example,horizonanalytics.example,$,"Technology, Information and Media",201-500,North America West,"Databricks, Salesforce, Sigma",Brittle in-house pipelines breaking weekly,50500,111,No,Low,2,Med,No,Customer,
ACC-0028,Ardent Health,https://ardenthealth.example,ardenthealth.example,$,Hospitals and Health Care,201-500,North America East,"BigQuery, Microsoft Dynamics, Power BI",Stale data in executive reporting,21500,129,Yes,Low,14,Low,No,Customer,
ACC-0029,Bluefin Payments,https://bluefinpayments.example,bluefinpayments.example,$$$,Financial Services,5000+,EMEA,"Redshift, Salesforce, Power BI",Engineering time lost maintaining connectors,329000,86,No,Low,5,High,No,Customer,
ACC-0030,Cobalt Retail,https://cobaltretail.example,cobaltretail.example,$$,Retail,501-1000,North America East,"Snowflake, Microsoft Dynamics, Tableau",Consolidating data after an acquisition,63500,91,Yes,Med,13,Med,No,Customer,
ACC-0031,Driftwood Media,https://driftwoodmedia.example,driftwoodmedia.example,$$$,"Technology, Information and Media",1001-5000,North America West,"Snowflake, Salesforce, Tableau",Engineering time lost maintaining connectors,158000,60,Yes,Low,13,High,No,Customer,
ACC-0032,Evergreen Logistics,https://evergreenlogistics.example,evergreenlogistics.example,$,"Transportation, Logistics, Supply Chain and Storage",201-500,North America East,"BigQuery, Salesforce, Power BI",Consolidating data after an acquisition,44500,110,No,Med,14,Med,No,Customer,
ACC-0033,Falcon Insurance,https://falconinsurance.example,falconinsurance.example,$$,Financial Services,501-1000,North America West,"Snowflake, Salesforce, Power BI",Brittle in-house pipelines breaking weekly,98500,90,Yes,Low,1,High,No,Customer,
ACC-0034,Granite Manufacturing,https://granitemanufacturing.example,granitemanufacturing.example,$,Manufacturing,51-200,North America East,"Databricks, Salesforce, Sigma",Governance and audit requirements on data movement,15000,64,Yes,Low,11,Med,No,Customer,
ACC-0035,Harborline Bank,https://harborlinebank.example,harborlinebank.example,$$,Financial Services,1001-5000,APAC,"Snowflake, Microsoft Dynamics, Tableau",Brittle in-house pipelines breaking weekly,106500,73,Yes,Low,0,High,No,Customer,
ACC-0036,Indigo Commerce,https://indigocommerce.example,indigocommerce.example,$,Retail,201-500,EMEA,"Snowflake, HubSpot, Sigma",Manual CSV exports between tools,57000,40,Yes,Med,5,High,No,Customer,
ACC-0037,Juniper Care,https://junipercare.example,junipercare.example,$,Hospitals and Health Care,201-500,North America West,"Databricks, Salesforce, Power BI",Brittle in-house pipelines breaking weekly,20500,126,No,High,22,Low,No,Customer,
ACC-0038,Keystone Lending,https://keystonelending.example,keystonelending.example,$$$,Financial Services,5000+,EMEA,"Snowflake, Salesforce, Tableau",Brittle in-house pipelines breaking weekly,204500,88,Yes,Low,9,High,No,Customer,
ACC-0039,Lattice Health,https://latticehealth.example,latticehealth.example,$$,Hospitals and Health Care,501-1000,North America East,"Redshift, Salesforce, Sigma",Manual CSV exports between tools,87000,139,No,Med,11,Med,No,Customer,
ACC-0040,Maple Freight,https://maplefreight.example,maplefreight.example,$$,"Transportation, Logistics, Supply Chain and Storage",1001-5000,EMEA,"Databricks, Microsoft Dynamics, Tableau",Governance and audit requirements on data movement,108500,125,No,Med,17,Low,No,Customer,
ACC-0041,Northwind Apparel,https://northwindapparel.example,northwindapparel.example,$$$,Retail,5000+,North America West,"BigQuery, Microsoft Dynamics, Looker",Engineering time lost maintaining connectors,143500,161,No,Low,14,Low,No,Customer,
ACC-0042,Orchard Foods,https://orchardfoods.example,orchardfoods.example,$,Manufacturing,201-500,APAC,"Redshift, HubSpot, Looker",Governance and audit requirements on data movement,31500,110,No,Low,7,Med,No,Customer,
ACC-0043,Pinnacle Wealth,https://pinnaclewealth.example,pinnaclewealth.example,$$$,Financial Services,1001-5000,North America East,"Snowflake, Salesforce, Tableau",Brittle in-house pipelines breaking weekly,229500,57,No,Low,0,High,No,Customer,
ACC-0044,Quarry Industrial,https://quarryindustrial.example,quarryindustrial.example,$,Manufacturing,201-500,North America East,"BigQuery, HubSpot, Sigma",Stale data in executive reporting,40000,125,No,Low,8,Med,No,Customer,
ACC-0045,Redwood Clinics,https://redwoodclinics.example,redwoodclinics.example,$,Hospitals and Health Care,51-200,North America West,"Databricks, Salesforce, Looker",Consolidating data after an acquisition,15500,114,No,High,15,Low,No,Customer,
ACC-0046,Sierra Mobility,https://sierramobility.example,sierramobility.example,$,"Transportation, Logistics, Supply Chain and Storage",201-500,North America East,"Redshift, HubSpot, Tableau",Manual CSV exports between tools,37000,84,No,Low,16,Med,No,Customer,
ACC-0047,Tidewater Energy,https://tidewaterenergy.example,tidewaterenergy.example,$$,Utilities,5000+,North America West,"Databricks, Salesforce, Looker",Engineering time lost maintaining connectors,112000,151,No,Med,12,Low,No,Customer,
ACC-0048,Umbra Games,https://umbragames.example,umbragames.example,$$,"Technology, Information and Media",501-1000,North America West,"BigQuery, HubSpot, Power BI",Stale data in executive reporting,67000,99,No,Low,6,Med,No,Customer,
ACC-0049,Vista Travel,https://vistatravel.example,vistatravel.example,$$$,Administrative and Support Services,1001-5000,North America East,"Databricks, Salesforce, Sigma",Manual CSV exports between tools,121000,102,Yes,Low,9,Med,No,Customer,
ACC-0050,Willow Education,https://willoweducation.example,willoweducation.example,$$,Education,501-1000,North America West,"Snowflake, Microsoft Dynamics, Sigma",Engineering time lost maintaining connectors,92500,67,Yes,Low,11,High,No,Customer,
ACC-0051,Xenon Robotics,https://xenonrobotics.example,xenonrobotics.example,$,Manufacturing,51-200,APAC,"Snowflake, HubSpot, Power BI",Governance and audit requirements on data movement,14000,109,No,Low,13,Med,No,Customer,
ACC-0052,Yarrow Pharma,https://yarrowpharma.example,yarrowpharma.example,$,Manufacturing,201-500,North America West,"Snowflake, Salesforce, Sigma",Engineering time lost maintaining connectors,22500,117,Yes,Low,22,Low,No,Customer,
ACC-0053,Zephyr Streaming,https://zephyrstreaming.example,zephyrstreaming.example,$$,"Technology, Information and Media",501-1000,North America West,"Snowflake, Salesforce, Tableau",Brittle in-house pipelines breaking weekly,99000,44,Yes,Med,14,High,No,Customer,
ACC-0054,Alder Capital,https://aldercapital.example,aldercapital.example,$,Financial Services,201-500,North America West,"Snowflake, HubSpot, Sigma",Manual CSV exports between tools,52500,121,No,Med,14,Med,No,Customer,
ACC-0055,Birch Telehealth,https://birchtelehealth.example,birchtelehealth.example,$,Hospitals and Health Care,201-500,North America West,"Databricks, Salesforce, Tableau",Brittle in-house pipelines breaking weekly,39000,138,Yes,Med,13,Med,No,Customer,
ACC-0056,Cedar Marketplace,https://cedarmarketplace.example,cedarmarketplace.example,$,Retail,51-200,APAC,"BigQuery, Microsoft Dynamics, Tableau",Brittle in-house pipelines breaking weekly,17500,88,Yes,Low,5,Med,No,Customer,
ACC-0057,Dune Aerospace,https://duneaerospace.example,duneaerospace.example,$,Manufacturing,501-1000,North America West,"Redshift, Microsoft Dynamics, Looker",Brittle in-house pipelines breaking weekly,50000,147,No,Med,15,Low,No,Customer,
ACC-0058,Elm Street Credit,https://elmstreetcredit.example,elmstreetcredit.example,$$$,Financial Services,1001-5000,EMEA,"Databricks, Salesforce, Looker",Brittle in-house pipelines breaking weekly,196000,71,Yes,Low,8,High,No,Customer,
ACC-0059,Fjord Shipping,https://fjordshipping.example,fjordshipping.example,$,"Transportation, Logistics, Supply Chain and Storage",501-1000,EMEA,"Snowflake, Microsoft Dynamics, Looker",Stale data in executive reporting,26000,135,No,High,22,Low,No,Customer,
ACC-0060,Glacier Utilities,https://glacierutilities.example,glacierutilities.example,$,Utilities,201-500,North America West,"Redshift, HubSpot, Power BI",Manual CSV exports between tools,35000,91,No,High,23,Med,No,Customer,
ACC-0061,Hollow Oak Brewing,https://hollowoakbrewing.example,hollowoakbrewing.example,$,Manufacturing,201-500,EMEA,"Snowflake, Salesforce, Sigma",Brittle in-house pipelines breaking weekly,54500,37,Yes,Med,6,High,No,Customer,
ACC-0062,Iris Diagnostics,https://irisdiagnostics.example,irisdiagnostics.example,$,Hospitals and Health Care,51-200,North America West,"BigQuery, HubSpot, Tableau",Brittle in-house pipelines breaking weekly,17500,114,No,High,17,Low,No,Customer,
ACC-0063,Jasper Fintech,https://jasperfintech.example,jasperfintech.example,$$$,Financial Services,501-1000,North America West,"Snowflake, Salesforce, Looker",Engineering time lost maintaining connectors,133500,63,Yes,Med,6,High,No,Customer,
ACC-0064,Kestrel Security,https://kestrelsecurity.example,kestrelsecurity.example,$,"Technology, Information and Media",51-200,North America West,"Databricks, HubSpot, Sigma",Manual CSV exports between tools,26000,89,No,Low,8,Med,No,Customer,
ACC-0065,Lumen Learning Co,https://lumenlearningco.example,lumenlearningco.example,$,Education,201-500,EMEA,"Databricks, HubSpot, Power BI",Consolidating data after an acquisition,50000,68,No,Low,9,Med,No,Customer,
ACC-0066,Mesa Hospitality,https://mesahospitality.example,mesahospitality.example,$,Accommodation Services,201-500,North America East,"BigQuery, HubSpot, Sigma",Consolidating data after an acquisition,39500,119,Yes,Med,9,Med,No,Customer,
ACC-0067,Nimbus Adtech,https://nimbusadtech.example,nimbusadtech.example,$$,"Technology, Information and Media",201-500,North America East,"Snowflake, Salesforce, Tableau",Manual CSV exports between tools,69000,50,Yes,Low,4,High,No,Customer,
ACC-0068,Opal Insurtech,https://opalinsurtech.example,opalinsurtech.example,$$$,Financial Services,1001-5000,North America East,"Snowflake, Salesforce, Looker",Brittle in-house pipelines breaking weekly,199000,95,Yes,Low,0,High,No,Customer,
ACC-0069,Pioneer Agritech,https://pioneeragritech.example,pioneeragritech.example,$,"Farming, Ranching, Forestry",201-500,EMEA,"BigQuery, Salesforce, Sigma",Governance and audit requirements on data movement,30000,107,No,High,10,Low,No,Customer,
ACC-0070,Quill Publishing,https://quillpublishing.example,quillpublishing.example,$$,"Technology, Information and Media",201-500,North America East,"Snowflake, Salesforce, Tableau",Manual CSV exports between tools,65500,109,Yes,Low,0,High,No,Customer,
ACC-0071,Raven Cyber,https://ravencyber.example,ravencyber.example,$,"Technology, Information and Media",51-200,North America West,"Databricks, Microsoft Dynamics, Tableau",Engineering time lost maintaining connectors,16500,115,Yes,High,20,Low,No,Customer,
ACC-0072,Saffron Grocers,https://saffrongrocers.example,saffrongrocers.example,$,Retail,501-1000,North America East,"BigQuery, Salesforce, Power BI",Manual CSV exports between tools,34500,139,No,Med,15,Low,No,Customer,
ACC-0073,Terra Construction,https://terraconstruction.example,terraconstruction.example,$,Construction,201-500,North America West,"Redshift, Salesforce, Sigma",Manual CSV exports between tools,32000,81,No,Low,7,Med,No,Customer,
ACC-0074,Upland Mortgage,https://uplandmortgage.example,uplandmortgage.example,$$,Financial Services,501-1000,EMEA,"Snowflake, Microsoft Dynamics, Sigma",Brittle in-house pipelines breaking weekly,83000,65,No,Low,5,High,No,Customer,
ACC-0075,Vector Freightworks,https://vectorfreightworks.example,vectorfreightworks.example,$$,"Transportation, Logistics, Supply Chain and Storage",1001-5000,North America East,"Databricks, Microsoft Dynamics, Tableau",Governance and audit requirements on data movement,62000,141,No,Med,14,Low,No,Customer,
ACC-0076,Wren Fitness,https://wrenfitness.example,wrenfitness.example,$,Entertainment Providers,501-1000,North America West,"BigQuery, HubSpot, Tableau",Engineering time lost maintaining connectors,37000,112,No,Med,18,Low,No,Customer,
ACC-0077,Yukon Outdoor,https://yukonoutdoor.example,yukonoutdoor.example,$$$,Retail,5000+,EMEA,"BigQuery, Microsoft Dynamics, Power BI",Governance and audit requirements on data movement,205000,144,Yes,Med,6,Med,No,Customer,
ACC-0078,Zinnia Beauty,https://zinniabeauty.example,zinniabeauty.example,$,Retail,51-200,North America West,"Redshift, HubSpot, Sigma",Brittle in-house pipelines breaking weekly,23000,98,No,Low,15,Med,No,Customer,
ACC-0079,Aspen Payroll,https://aspenpayroll.example,aspenpayroll.example,$,"Technology, Information and Media",201-500,APAC,"Snowflake, Salesforce, Power BI",Brittle in-house pipelines breaking weekly,42000,91,No,High,5,Med,No,Customer,
ACC-0080,Basalt Mining,https://basaltmining.example,basaltmining.example,$,"Oil, Gas, and Mining",51-200,North America West,"Redshift, Salesforce, Looker",Manual CSV exports between tools,24000,106,No,Low,8,Med,No,Customer,
ACC-0081,Coral Dental,https://coraldental.example,coraldental.example,$,Hospitals and Health Care,51-200,EMEA,"Databricks, Salesforce, Looker",Manual CSV exports between tools,12500,107,No,Med,11,Low,No,Customer,
ACC-0082,Delta Parts Supply,https://deltapartssupply.example,deltapartssupply.example,$$$,Manufacturing,5000+,North America West,"BigQuery, Microsoft Dynamics, Power BI",Stale data in executive reporting,162000,114,No,Low,7,Med,No,Customer,
ACC-0083,Echo Radio Group,https://echoradiogroup.example,echoradiogroup.example,$$$,"Technology, Information and Media",5000+,North America West,"Redshift, Salesforce, Tableau",Brittle in-house pipelines breaking weekly,442000,82,Yes,Low,4,High,No,Customer,
ACC-0084,Fern Pet Health,https://fernpethealth.example,fernpethealth.example,$,Professional Services,51-200,North America East,"Snowflake, Microsoft Dynamics, Tableau",Engineering time lost maintaining connectors,10000,129,Yes,High,14,Low,No,Customer,
ACC-0085,Garnet Jewelers,https://garnetjewelers.example,garnetjewelers.example,$,Retail,51-200,North America East,"Snowflake, Salesforce, Sigma",Engineering time lost maintaining connectors,17500,130,No,High,19,Low,No,Customer,
ACC-0086,Heron Airlines,https://heronairlines.example,heronairlines.example,$,"Transportation, Logistics, Supply Chain and Storage",201-500,North America East,"Snowflake, Microsoft Dynamics, Power BI",Governance and audit requirements on data movement,32000,118,No,High,16,Low,No,Customer,
ACC-0087,Ivy Legal Tech,https://ivylegaltech.example,ivylegaltech.example,$,"Technology, Information and Media",51-200,North America West,"Snowflake, Salesforce, Tableau",Consolidating data after an acquisition,13000,100,No,High,20,Low,No,Customer,
ACC-0088,Jade Hotels,https://jadehotels.example,jadehotels.example,$$,Accommodation Services,501-1000,EMEA,"Databricks, Salesforce, Looker",Governance and audit requirements on data movement,65500,83,No,Med,21,Med,No,Customer,
ACC-0089,Kiln Ceramics,https://kilnceramics.example,kilnceramics.example,$$,Manufacturing,501-1000,North America East,"BigQuery, HubSpot, Power BI",Brittle in-house pipelines breaking weekly,75000,110,Yes,Low,14,Med,No,Customer,
ACC-0090,Lynx Mobility,https://lynxmobility.example,lynxmobility.example,$,"Transportation, Logistics, Supply Chain and Storage",201-500,North America East,"Snowflake, HubSpot, Looker",Engineering time lost maintaining connectors,26000,106,No,Low,9,Med,No,Customer,
ACC-0091,Moss Home Goods,https://mosshomegoods.example,mosshomegoods.example,$,Retail,201-500,North America East,"Databricks, Microsoft Dynamics, Power BI",Consolidating data after an acquisition,25000,86,No,Med,14,Med,No,Customer,
ACC-0092,Nova Clinics,https://novaclinics.example,novaclinics.example,$,Hospitals and Health Care,51-200,North America East,"Databricks, HubSpot, Looker",Manual CSV exports between tools,21500,96,No,Low,11,Med,No,Customer,
ACC-0093,Oakridge Staffing,https://oakridgestaffing.example,oakridgestaffing.example,$,Administrative and Support Services,501-1000,North America West,"Snowflake, Salesforce, Sigma",Governance and audit requirements on data movement,37500,103,No,Med,16,Med,No,Customer,
ACC-0094,Pebble Subscriptions,https://pebblesubscriptions.example,pebblesubscriptions.example,$$$,"Technology, Information and Media",5000+,EMEA,"BigQuery, Salesforce, Looker",Consolidating data after an acquisition,129500,103,No,Low,9,Med,No,Customer,
ACC-0095,Quartz Semis,https://quartzsemis.example,quartzsemis.example,$,Manufacturing,501-1000,North America West,"BigQuery, Salesforce, Looker",Consolidating data after an acquisition,38500,122,No,Med,12,Med,No,Customer,
ACC-0096,Ridge Outfitters,https://ridgeoutfitters.example,ridgeoutfitters.example,$$$,Retail,1001-5000,North America West,"Snowflake, Salesforce, Power BI",Engineering time lost maintaining connectors,199500,59,Yes,High,5,High,No,Customer,
ACC-0097,Slate Proptech,https://slateproptech.example,slateproptech.example,$$$,"Technology, Information and Media",1001-5000,North America West,"Snowflake, Salesforce, Sigma",Brittle in-house pipelines breaking weekly,174000,86,Yes,Low,9,High,No,Customer,
ACC-0098,Topaz Telecom,https://topaztelecom.example,topaztelecom.example,$$,"Technology, Information and Media",1001-5000,EMEA,"Snowflake, Salesforce, Sigma",Consolidating data after an acquisition,86000,115,No,Low,14,Low,No,Customer,
ACC-0099,Umber Coffee,https://umbercoffee.example,umbercoffee.example,$,Manufacturing,51-200,North America West,"BigQuery, Salesforce, Tableau",Stale data in executive reporting,17000,120,No,Med,22,Low,No,Customer,
ACC-0100,Vale Veterinary,https://valeveterinary.example,valeveterinary.example,$,Professional Services,501-1000,North America West,"Snowflake, Salesforce, Tableau",Stale data in executive reporting,46500,109,No,Med,6,Med,No,Customer,
ACC-0101,Walnut Furniture,https://walnutfurniture.example,walnutfurniture.example,$,Manufacturing,501-1000,EMEA,"Databricks, HubSpot, Power BI",Consolidating data after an acquisition,40000,128,No,Med,8,Med,No,Customer,
ACC-0102,Yew Pharmaceuticals,https://yewpharmaceuticals.example,yewpharmaceuticals.example,$,Manufacturing,51-200,North America West,"BigQuery, Salesforce, Looker",Manual CSV exports between tools,12000,82,Yes,Low,11,Med,No,Customer,
ACC-0103,Zenith Gaming,https://zenithgaming.example,zenithgaming.example,$,"Technology, Information and Media",51-200,APAC,"Databricks, Microsoft Dynamics, Sigma",Brittle in-house pipelines breaking weekly,25000,108,No,Med,5,Med,No,Customer,
ACC-0104,Acorn Kids,https://acornkids.example,acornkids.example,$,Retail,51-200,North America West,"Redshift, Microsoft Dynamics, Tableau",Brittle in-house pipelines breaking weekly,20500,54,No,Med,9,Med,No,Customer,
ACC-0105,Bramble Books,https://bramblebooks.example,bramblebooks.example,$$$,Retail,5000+,North America West,"Databricks, HubSpot, Power BI",Brittle in-house pipelines breaking weekly,142500,132,No,Med,14,Low,No,Customer,
ACC-0106,Clover Wellness,https://cloverwellness.example,cloverwellness.example,$$$,Hospitals and Health Care,1001-5000,APAC,"Snowflake, Salesforce, Power BI",Engineering time lost maintaining connectors,150500,69,No,Med,0,High,No,Customer,
ACC-0107,Dover Marine,https://dovermarine.example,dovermarine.example,$,"Transportation, Logistics, Supply Chain and Storage",201-500,North America East,"Redshift, HubSpot, Looker",Governance and audit requirements on data movement,39500,113,Yes,Med,8,Med,No,Customer,
ACC-0108,Elder Senior Living,https://elderseniorliving.example,elderseniorliving.example,$,Hospitals and Health Care,201-500,EMEA,"Snowflake, Salesforce, Power BI",Brittle in-house pipelines breaking weekly,32500,105,No,Med,12,Med,No,Customer,
ACC-0109,Flint Home Services,https://flinthomeservices.example,flinthomeservices.example,$$$,Consumer Services,1001-5000,North America West,"Snowflake, Salesforce, Sigma",Brittle in-house pipelines breaking weekly,238000,76,Yes,Med,5,High,No,Customer,
ACC-0110,Grove Organics,https://groveorganics.example,groveorganics.example,$$,Retail,501-1000,North America East,"Snowflake, Microsoft Dynamics, Tableau",Manual CSV exports between tools,88500,86,No,Low,5,Med,No,Customer,
ACC-0111,Argo Rentals,https://argorentals.example,argorentals.example,$,Retail,201-500,North America East,"BigQuery, HubSpot, Sigma",Engineering time lost maintaining connectors,29500,58,No,High,18,Low,Yes,Customer,
ACC-0112,Bolt Couriers,https://boltcouriers.example,boltcouriers.example,$,"Transportation, Logistics, Supply Chain and Storage",201-500,North America East,"BigQuery, Microsoft Dynamics, Looker",Manual CSV exports between tools,10000,30,No,High,20,Low,Yes,Customer,
ACC-0113,Cinder Events,https://cinderevents.example,cinderevents.example,$,Entertainment Providers,51-200,EMEA,"Snowflake, HubSpot, Power BI",Manual CSV exports between tools,20000,23,No,High,22,Low,Yes,Customer,
ACC-0114,Dash Meal Kits,https://dashmealkits.example,dashmealkits.example,$,Retail,51-200,APAC,"BigQuery, HubSpot, Looker",Governance and audit requirements on data movement,14000,41,No,High,18,Low,Yes,Customer,
ACC-0115,Ember Print Shop,https://emberprintshop.example,emberprintshop.example,$,Manufacturing,51-200,EMEA,"Redshift, HubSpot, Sigma",Manual CSV exports between tools,15000,20,No,High,17,Low,Yes,Customer,
ACC-0116,Fable Tutoring,https://fabletutoring.example,fabletutoring.example,$,Education,51-200,North America West,"Redshift, HubSpot, Sigma",Manual CSV exports between tools,13500,38,No,High,19,Low,Yes,Customer,
ACC-0117,Gust Scooters,https://gustscooters.example,gustscooters.example,$,"Transportation, Logistics, Supply Chain and Storage",51-200,North America East,"Redshift, HubSpot, Looker",Manual CSV exports between tools,10000,58,No,High,24,Low,Yes,Customer,
ACC-0118,Hatch Crowdfund,https://hatchcrowdfund.example,hatchcrowdfund.example,$,Financial Services,51-200,North America West,"BigQuery, HubSpot, Power BI",Manual CSV exports between tools,20000,46,No,High,18,Low,Yes,Customer,
ACC-0119,Inkwell Agency,https://inkwellagency.example,inkwellagency.example,$,Professional Services,51-200,APAC,"Snowflake, HubSpot, Looker",Manual CSV exports between tools,11000,50,No,High,16,Low,Yes,Customer,
ACC-0120,Jolt Energy Drinks,https://joltenergydrinks.example,joltenergydrinks.example,$,Manufacturing,51-200,North America West,"Snowflake, HubSpot, Power BI",Manual CSV exports between tools,29500,60,No,High,17,Low,Yes,Customer,
ACC-0121,Aurora Freight,https://aurorafreight.example,aurorafreight.example,,"Transportation, Logistics, Supply Chain and Storage",1001-5000,EMEA,"Databricks, Salesforce, Looker",,,,,,,,No,Closed-lost,2025-01-14
ACC-0122,Bayside Bank,https://baysidebank.example,baysidebank.example,,Financial Services,501-1000,North America West,"BigQuery, Microsoft Dynamics, Sigma",,,,,,,,No,Closed-lost,2025-03-27
ACC-0123,Comet Analytics,https://cometanalytics.example,cometanalytics.example,,"Technology, Information and Media",5000+,North America East,"BigQuery, Salesforce, Looker",,,,,,,,No,Closed-lost,2025-05-08
ACC-0124,Delphi Health,https://delphihealth.example,delphihealth.example,,Hospitals and Health Care,1001-5000,APAC,"Snowflake, HubSpot, Tableau",,,,,,,,No,Closed-lost,2025-07-22
ACC-0125,Equinox Retail,https://equinoxretail.example,equinoxretail.example,,Retail,51-200,North America West,"Snowflake, HubSpot, Power BI",,,,,,,,No,Closed-lost,2025-09-30
ACC-0126,Fathom Data,https://fathomdata.example,fathomdata.example,,"Technology, Information and Media",501-1000,APAC,"Redshift, HubSpot, Looker",,,,,,,,No,Closed-lost,2025-12-15
ACC-0127,Gallant Insurance,https://gallantinsurance.example,gallantinsurance.example,,Financial Services,1001-5000,North America West,"Databricks, Salesforce, Power BI",,,,,,,,No,Closed-lost,2026-02-03
ACC-0128,Harbor Robotics,https://harborrobotics.example,harborrobotics.example,,Manufacturing,201-500,EMEA,"Redshift, HubSpot, Sigma",,,,,,,,No,Closed-lost,2026-03-19
ACC-0129,Inlet Media,https://inletmedia.example,inletmedia.example,,"Technology, Information and Media",5000+,North America East,"BigQuery, HubSpot, Sigma",,,,,,,,No,Closed-lost,2026-05-06
ACC-0130,Juno Payments,https://junopayments.example,junopayments.example,,Financial Services,501-1000,EMEA,"Databricks, Salesforce, Sigma",,,,,,,,No,Closed-lost,2026-06-24
ACC-0131,Kodiak Logistics,https://kodiaklogistics.example,kodiaklogistics.example,,"Transportation, Logistics, Supply Chain and Storage",51-200,North America East,"BigQuery, Microsoft Dynamics, Power BI",,,,,,,,No,Closed-lost,2026-08-11
ACC-0132,Larkspur Clinics,https://larkspurclinics.example,larkspurclinics.example,,Hospitals and Health Care,501-1000,North America West,"Databricks, HubSpot, Sigma",,,,,,,,No,Closed-lost,2026-09-09
